1022,1,22,Paras
Cust_ID
3015,No_of_seats
3,SeatNo
15,Name
Omkar
Cust_ID
1002,No_of_seats
1,SeatNo
2,Name
NileshCust_ID
1015,No_of_seats
1,SeatNo
15,Name
JayCust_ID
7001,No_of_seats
7,SeatNo
1,Name
2Cust_ID
7003,No_of_seats
7,SeatNo
3,Name
5Cust_ID
7008,No_of_seats
7,SeatNo
8,Name
9Cust_ID
7004,No_of_seats
7,SeatNo
4,Name
7Cust_ID
7010,No_of_seats
7,SeatNo
10,Name
24Cust_ID
7031,No_of_seats
7,SeatNo
31,Name
23Cust_ID
8021,No_of_seats
8,SeatNo
21,Name
pratikCust_ID
8022,No_of_seats
8,SeatNo
22,Name
johnCust_ID
6019,No_of_seats
6,SeatNo
19,Name
JohnCust_ID
6020,No_of_seats
6,SeatNo
20,Name
MarshCust_ID
6021,No_of_seats
6,SeatNo
21,Name
DavidCust_ID
5018,No_of_seats
5,SeatNo
18,Name
sdfgCust_ID
1001,No_of_seats
1,SeatNo
1,Name
pratikCust_ID
8012,No_of_seats
8,SeatNo
12,Name
pratikCust_ID
8013,No_of_seats
8,SeatNo
13,Name
ayushCust_ID
2001,No_of_seats
2,SeatNo
1,Name
ChinmayCust_ID
6002,No_of_seats
6,SeatNo
2,Name
ramCust_ID
1001,No_of_seats
1,SeatNo
1,Name
salimCust_ID
1015,No_of_seats
1,SeatNo
15,Name
Cust_ID
1001,No_of_seats
1,SeatNo
1,Name
arwaCust_ID
1001,No_of_seats
1,SeatNo
1,Name
